{"cameraMode":{"drawMode":0,"name":"Shaded","section":"Shading Mode"},"sceneLighting":true,"audioPlay":false,"sceneViewState":{"showFog":true,"showMaterialUpdate":false,"showSkybox":true,"showFlares":true,"showImageEffects":true,"showParticleSystems":true},"in2DMode":false,"pivot":{"x":-4.215131759643555,"y":-6.176540374755859,"z":-21.69693946838379},"rotation":{"x":0.018400900065898896,"y":-0.9799252152442932,"z":0.1665063500404358,"w":0.10833334177732468},"size":14.13825511932373,"orthographic":false}