{"cameraMode":{"drawMode":0,"name":"Shaded","section":"Shading Mode"},"sceneLighting":true,"audioPlay":false,"sceneViewState":{"showFog":true,"showMaterialUpdate":false,"showSkybox":true,"showFlares":true,"showImageEffects":true,"showParticleSystems":true},"in2DMode":false,"pivot":{"x":5.835698127746582,"y":-1.0157923698425294,"z":-1.1762299537658692},"rotation":{"x":0.11341791599988938,"y":0.7660196423530579,"z":-0.140818789601326,"w":0.6169033646583557},"size":4.3433990478515629,"orthographic":false}